-- phpMyAdmin SQL Dump
-- version 4.8.4
-- https://www.phpmyadmin.net/
--
-- Host: 127.0.0.1
-- Waktu pembuatan: 15 Mar 2019 pada 10.52
-- Versi server: 10.1.37-MariaDB
-- Versi PHP: 5.6.40

SET SQL_MODE = "NO_AUTO_VALUE_ON_ZERO";
SET AUTOCOMMIT = 0;
START TRANSACTION;
SET time_zone = "+00:00";


/*!40101 SET @OLD_CHARACTER_SET_CLIENT=@@CHARACTER_SET_CLIENT */;
/*!40101 SET @OLD_CHARACTER_SET_RESULTS=@@CHARACTER_SET_RESULTS */;
/*!40101 SET @OLD_COLLATION_CONNECTION=@@COLLATION_CONNECTION */;
/*!40101 SET NAMES utf8mb4 */;

--
-- Database: `invenitri1_database`
--

-- --------------------------------------------------------

--
-- Struktur dari tabel `groups`
--

CREATE TABLE `groups` (
  `id` mediumint(8) UNSIGNED NOT NULL,
  `name` varchar(20) NOT NULL,
  `description` varchar(100) NOT NULL
) ENGINE=InnoDB DEFAULT CHARSET=utf8;

--
-- Dumping data untuk tabel `groups`
--

INSERT INTO `groups` (`id`, `name`, `description`) VALUES
(1, 'admin', 'Administrator'),
(2, 'members', 'General User');

-- --------------------------------------------------------

--
-- Struktur dari tabel `invenitri_session`
--

CREATE TABLE `invenitri_session` (
  `id` varchar(40) NOT NULL,
  `ip_address` varchar(45) NOT NULL,
  `timestamp` int(10) UNSIGNED NOT NULL DEFAULT '0',
  `data` blob NOT NULL
) ENGINE=MyISAM DEFAULT CHARSET=latin1;

--
-- Dumping data untuk tabel `invenitri_session`
--

INSERT INTO `invenitri_session` (`id`, `ip_address`, `timestamp`, `data`) VALUES
('7ftm2t7puu73uu2d0q4qkd6pijrcjvkt', '::1', 1552550704, 0x5f5f63695f6c6173745f726567656e65726174657c693a313535323535303536313b6964656e746974797c733a363a2261646d696e32223b757365726e616d657c733a363a2261646d696e32223b656d61696c7c733a31353a2261646d696e324061646d696e2e6964223b757365725f69647c733a313a2233223b6f6c645f6c6173745f6c6f67696e7c733a31303a2231353532343433393234223b6c6173745f636865636b7c693a313535323532393236373b),
('fe9j9vu36imsq64l6l3loe1haqtsm90i', '::1', 1552550431, 0x5f5f63695f6c6173745f726567656e65726174657c693a313535323535303137383b6964656e746974797c733a363a2261646d696e32223b757365726e616d657c733a363a2261646d696e32223b656d61696c7c733a31353a2261646d696e324061646d696e2e6964223b757365725f69647c733a313a2233223b6f6c645f6c6173745f6c6f67696e7c733a31303a2231353532343433393234223b6c6173745f636865636b7c693a313535323532393236373b),
('cgap07accegr70qf56q7l2utr6o6nkgj', '::1', 1552550148, 0x5f5f63695f6c6173745f726567656e65726174657c693a313535323534393836383b6964656e746974797c733a363a2261646d696e32223b757365726e616d657c733a363a2261646d696e32223b656d61696c7c733a31353a2261646d696e324061646d696e2e6964223b757365725f69647c733a313a2233223b6f6c645f6c6173745f6c6f67696e7c733a31303a2231353532343433393234223b6c6173745f636865636b7c693a313535323532393236373b),
('ha450kjb9j36696hq6morks6lua2dipa', '::1', 1552548706, 0x5f5f63695f6c6173745f726567656e65726174657c693a313535323534383431353b6964656e746974797c733a363a2261646d696e32223b757365726e616d657c733a363a2261646d696e32223b656d61696c7c733a31353a2261646d696e324061646d696e2e6964223b757365725f69647c733a313a2233223b6f6c645f6c6173745f6c6f67696e7c733a31303a2231353532343433393234223b6c6173745f636865636b7c693a313535323532393236373b),
('bpffupj9lne0via3imfjvo49peh9ol05', '::1', 1552548958, 0x5f5f63695f6c6173745f726567656e65726174657c693a313535323534383738343b6964656e746974797c733a363a2261646d696e32223b757365726e616d657c733a363a2261646d696e32223b656d61696c7c733a31353a2261646d696e324061646d696e2e6964223b757365725f69647c733a313a2233223b6f6c645f6c6173745f6c6f67696e7c733a31303a2231353532343433393234223b6c6173745f636865636b7c693a313535323532393236373b),
('ifl8360m3eq1223q4u9ne1i05dce05r9', '::1', 1552548414, 0x5f5f63695f6c6173745f726567656e65726174657c693a313535323534383431343b6964656e746974797c733a363a2261646d696e32223b757365726e616d657c733a363a2261646d696e32223b656d61696c7c733a31353a2261646d696e324061646d696e2e6964223b757365725f69647c733a313a2233223b6f6c645f6c6173745f6c6f67696e7c733a31303a2231353532343433393234223b6c6173745f636865636b7c693a313535323532393236373b),
('1g2jtraes315mm2gertci32svjn6d40c', '::1', 1552548100, 0x5f5f63695f6c6173745f726567656e65726174657c693a313535323534383035343b6964656e746974797c733a363a2261646d696e32223b757365726e616d657c733a363a2261646d696e32223b656d61696c7c733a31353a2261646d696e324061646d696e2e6964223b757365725f69647c733a313a2233223b6f6c645f6c6173745f6c6f67696e7c733a31303a2231353532343433393234223b6c6173745f636865636b7c693a313535323532393236373b),
('hdjo043af69st9mlgkupk8lrjtvjegl0', '::1', 1552547741, 0x5f5f63695f6c6173745f726567656e65726174657c693a313535323534373437363b6964656e746974797c733a363a2261646d696e32223b757365726e616d657c733a363a2261646d696e32223b656d61696c7c733a31353a2261646d696e324061646d696e2e6964223b757365725f69647c733a313a2233223b6f6c645f6c6173745f6c6f67696e7c733a31303a2231353532343433393234223b6c6173745f636865636b7c693a313535323532393236373b),
('f4j8cnm7rbo8l0h0209i1fbiun90ppb4', '::1', 1552546842, 0x5f5f63695f6c6173745f726567656e65726174657c693a313535323534363833343b6964656e746974797c733a363a2261646d696e32223b757365726e616d657c733a363a2261646d696e32223b656d61696c7c733a31353a2261646d696e324061646d696e2e6964223b757365725f69647c733a313a2233223b6f6c645f6c6173745f6c6f67696e7c733a31303a2231353532343433393234223b6c6173745f636865636b7c693a313535323532393236373b),
('g96pnbtg4dosibej8o7hmj823j0q82h2', '::1', 1552547476, 0x5f5f63695f6c6173745f726567656e65726174657c693a313535323534373437363b6964656e746974797c733a363a2261646d696e32223b757365726e616d657c733a363a2261646d696e32223b656d61696c7c733a31353a2261646d696e324061646d696e2e6964223b757365725f69647c733a313a2233223b6f6c645f6c6173745f6c6f67696e7c733a31303a2231353532343433393234223b6c6173745f636865636b7c693a313535323532393236373b),
('bjrpprqmduc97knv0j5t2fcasnjq8qot', '::1', 1552543961, 0x5f5f63695f6c6173745f726567656e65726174657c693a313535323534333935343b6964656e746974797c733a363a2261646d696e32223b757365726e616d657c733a363a2261646d696e32223b656d61696c7c733a31353a2261646d696e324061646d696e2e6964223b757365725f69647c733a313a2233223b6f6c645f6c6173745f6c6f67696e7c733a31303a2231353532343433393234223b6c6173745f636865636b7c693a313535323532393236373b),
('u2b5m0ss0knt8t9b3i8c3sh6s9mn4ijl', '::1', 1552543702, 0x5f5f63695f6c6173745f726567656e65726174657c693a313535323534333634313b6964656e746974797c733a363a2261646d696e32223b757365726e616d657c733a363a2261646d696e32223b656d61696c7c733a31353a2261646d696e324061646d696e2e6964223b757365725f69647c733a313a2233223b6f6c645f6c6173745f6c6f67696e7c733a31303a2231353532343433393234223b6c6173745f636865636b7c693a313535323532393236373b),
('rg8tgmi8gkt3vnbg6h3rl88cbrd04072', '::1', 1552543002, 0x5f5f63695f6c6173745f726567656e65726174657c693a313535323534323935303b6964656e746974797c733a363a2261646d696e32223b757365726e616d657c733a363a2261646d696e32223b656d61696c7c733a31353a2261646d696e324061646d696e2e6964223b757365725f69647c733a313a2233223b6f6c645f6c6173745f6c6f67696e7c733a31303a2231353532343433393234223b6c6173745f636865636b7c693a313535323532393236373b),
('jqfjl827lvrbai1571h7lncdaisam2qv', '::1', 1552542950, 0x5f5f63695f6c6173745f726567656e65726174657c693a313535323534323934393b6964656e746974797c733a363a2261646d696e32223b757365726e616d657c733a363a2261646d696e32223b656d61696c7c733a31353a2261646d696e324061646d696e2e6964223b757365725f69647c733a313a2233223b6f6c645f6c6173745f6c6f67696e7c733a31303a2231353532343433393234223b6c6173745f636865636b7c693a313535323532393236373b),
('s1hqf0hqbrd5t8ssmgdsop59a69t500i', '::1', 1552539776, 0x5f5f63695f6c6173745f726567656e65726174657c693a313535323533393630343b6964656e746974797c733a363a2261646d696e32223b757365726e616d657c733a363a2261646d696e32223b656d61696c7c733a31353a2261646d696e324061646d696e2e6964223b757365725f69647c733a313a2233223b6f6c645f6c6173745f6c6f67696e7c733a31303a2231353532343433393234223b6c6173745f636865636b7c693a313535323532393236373b),
('pb790mkjjs1rro6m5rt4rdocpil6389l', '::1', 1552539604, 0x5f5f63695f6c6173745f726567656e65726174657c693a313535323533393630333b6964656e746974797c733a363a2261646d696e32223b757365726e616d657c733a363a2261646d696e32223b656d61696c7c733a31353a2261646d696e324061646d696e2e6964223b757365725f69647c733a313a2233223b6f6c645f6c6173745f6c6f67696e7c733a31303a2231353532343433393234223b6c6173745f636865636b7c693a313535323532393236373b),
('hhq5qv71ae075ieo8mgnegdeu2pmbtlr', '::1', 1552539217, 0x5f5f63695f6c6173745f726567656e65726174657c693a313535323533393231363b6964656e746974797c733a363a2261646d696e32223b757365726e616d657c733a363a2261646d696e32223b656d61696c7c733a31353a2261646d696e324061646d696e2e6964223b757365725f69647c733a313a2233223b6f6c645f6c6173745f6c6f67696e7c733a31303a2231353532343433393234223b6c6173745f636865636b7c693a313535323532393236373b),
('k3hpl7d5bjav0jns1veib9fg4n7memor', '::1', 1552539043, 0x5f5f63695f6c6173745f726567656e65726174657c693a313535323533383838353b6964656e746974797c733a363a2261646d696e32223b757365726e616d657c733a363a2261646d696e32223b656d61696c7c733a31353a2261646d696e324061646d696e2e6964223b757365725f69647c733a313a2233223b6f6c645f6c6173745f6c6f67696e7c733a31303a2231353532343433393234223b6c6173745f636865636b7c693a313535323532393236373b6d6573736167657c733a3135323a223c64697620636c6173733d22616c65727420616c6572742d696e666f223e3c627574746f6e20747970653d22627574746f6e2220636c6173733d22636c6f73652220646174612d6469736d6973733d22616c6572742220617269612d68696464656e3d2274727565223e2674696d65733b3c2f627574746f6e3e44617461205361766564205375636365737366756c6c79213c2f6469763e223b5f5f63695f766172737c613a313a7b733a373a226d657373616765223b733a333a226f6c64223b7d),
('ffbnsjmf0nngq0k3emnfq78bc6itpe2k', '::1', 1552536535, 0x5f5f63695f6c6173745f726567656e65726174657c693a313535323533363436343b6964656e746974797c733a363a2261646d696e32223b757365726e616d657c733a363a2261646d696e32223b656d61696c7c733a31353a2261646d696e324061646d696e2e6964223b757365725f69647c733a313a2233223b6f6c645f6c6173745f6c6f67696e7c733a31303a2231353532343433393234223b6c6173745f636865636b7c693a313535323532393236373b),
('iri54lqvvp6ud2ujl66s2m8epfl40h42', '::1', 1552535913, 0x5f5f63695f6c6173745f726567656e65726174657c693a313535323533353931323b6964656e746974797c733a363a2261646d696e32223b757365726e616d657c733a363a2261646d696e32223b656d61696c7c733a31353a2261646d696e324061646d696e2e6964223b757365725f69647c733a313a2233223b6f6c645f6c6173745f6c6f67696e7c733a31303a2231353532343433393234223b6c6173745f636865636b7c693a313535323532393236373b),
('hs5258bjfc00daic66eekgaevfithlp1', '::1', 1552536019, 0x5f5f63695f6c6173745f726567656e65726174657c693a313535323533353931333b6964656e746974797c733a363a2261646d696e32223b757365726e616d657c733a363a2261646d696e32223b656d61696c7c733a31353a2261646d696e324061646d696e2e6964223b757365725f69647c733a313a2233223b6f6c645f6c6173745f6c6f67696e7c733a31303a2231353532343433393234223b6c6173745f636865636b7c693a313535323532393236373b),
('95cucft4djjfmelrjmmfv046s1469a8f', '::1', 1552532530, 0x5f5f63695f6c6173745f726567656e65726174657c693a313535323533323532393b6964656e746974797c733a363a2261646d696e32223b757365726e616d657c733a363a2261646d696e32223b656d61696c7c733a31353a2261646d696e324061646d696e2e6964223b757365725f69647c733a313a2233223b6f6c645f6c6173745f6c6f67696e7c733a31303a2231353532343433393234223b6c6173745f636865636b7c693a313535323532393236373b),
('86jboj8fqbd4kcumjvg0kp5vlgo0pei0', '::1', 1552532118, 0x5f5f63695f6c6173745f726567656e65726174657c693a313535323533313932343b6964656e746974797c733a363a2261646d696e32223b757365726e616d657c733a363a2261646d696e32223b656d61696c7c733a31353a2261646d696e324061646d696e2e6964223b757365725f69647c733a313a2233223b6f6c645f6c6173745f6c6f67696e7c733a31303a2231353532343433393234223b6c6173745f636865636b7c693a313535323532393236373b),
('urbqe4mf0vtgtimsbuio40nshtveu0nb', '::1', 1552382768, 0x5f5f63695f6c6173745f726567656e65726174657c693a313535323338323535353b6964656e746974797c733a363a2261646d696e32223b757365726e616d657c733a363a2261646d696e32223b656d61696c7c733a31353a2261646d696e324061646d696e2e6964223b757365725f69647c733a313a2233223b6f6c645f6c6173745f6c6f67696e7c733a31303a2231353532323933323539223b6c6173745f636865636b7c693a313535323335383136383b),
('b7dces7cechodo2b24vbbj7qvmg4bdkc', '::1', 1552382425, 0x5f5f63695f6c6173745f726567656e65726174657c693a313535323338323232383b6964656e746974797c733a363a2261646d696e32223b757365726e616d657c733a363a2261646d696e32223b656d61696c7c733a31353a2261646d696e324061646d696e2e6964223b757365725f69647c733a313a2233223b6f6c645f6c6173745f6c6f67696e7c733a31303a2231353532323933323539223b6c6173745f636865636b7c693a313535323335383136383b),
('cn3islmm9nf0v66o1f35olt6eb8j4tjb', '::1', 1552381997, 0x5f5f63695f6c6173745f726567656e65726174657c693a313535323338313835393b6964656e746974797c733a363a2261646d696e32223b757365726e616d657c733a363a2261646d696e32223b656d61696c7c733a31353a2261646d696e324061646d696e2e6964223b757365725f69647c733a313a2233223b6f6c645f6c6173745f6c6f67696e7c733a31303a2231353532323933323539223b6c6173745f636865636b7c693a313535323335383136383b),
('7bqn8kjqjaoruj3hga6tdjn7vkqmoj1h', '::1', 1552381584, 0x5f5f63695f6c6173745f726567656e65726174657c693a313535323338313334343b6964656e746974797c733a363a2261646d696e32223b757365726e616d657c733a363a2261646d696e32223b656d61696c7c733a31353a2261646d696e324061646d696e2e6964223b757365725f69647c733a313a2233223b6f6c645f6c6173745f6c6f67696e7c733a31303a2231353532323933323539223b6c6173745f636865636b7c693a313535323335383136383b),
('vd4gargeiita75j23oaci0e8n9iu5tk5', '::1', 1552381225, 0x5f5f63695f6c6173745f726567656e65726174657c693a313535323338303934303b6964656e746974797c733a363a2261646d696e32223b757365726e616d657c733a363a2261646d696e32223b656d61696c7c733a31353a2261646d696e324061646d696e2e6964223b757365725f69647c733a313a2233223b6f6c645f6c6173745f6c6f67696e7c733a31303a2231353532323933323539223b6c6173745f636865636b7c693a313535323335383136383b),
('1k4vngp77gkjfv0h20v7f0hsol85gf7v', '::1', 1552380719, 0x5f5f63695f6c6173745f726567656e65726174657c693a313535323338303530323b6964656e746974797c733a363a2261646d696e32223b757365726e616d657c733a363a2261646d696e32223b656d61696c7c733a31353a2261646d696e324061646d696e2e6964223b757365725f69647c733a313a2233223b6f6c645f6c6173745f6c6f67696e7c733a31303a2231353532323933323539223b6c6173745f636865636b7c693a313535323335383136383b),
('vnmati1u5mog6cjtv8ft6mn5fcm46993', '::1', 1552380261, 0x5f5f63695f6c6173745f726567656e65726174657c693a313535323338303136363b6964656e746974797c733a363a2261646d696e32223b757365726e616d657c733a363a2261646d696e32223b656d61696c7c733a31353a2261646d696e324061646d696e2e6964223b757365725f69647c733a313a2233223b6f6c645f6c6173745f6c6f67696e7c733a31303a2231353532323933323539223b6c6173745f636865636b7c693a313535323335383136383b),
('glbkoi6rl2mkdp1tjbj6na9htif8qp1j', '::1', 1552379884, 0x5f5f63695f6c6173745f726567656e65726174657c693a313535323337393639313b6964656e746974797c733a363a2261646d696e32223b757365726e616d657c733a363a2261646d696e32223b656d61696c7c733a31353a2261646d696e324061646d696e2e6964223b757365725f69647c733a313a2233223b6f6c645f6c6173745f6c6f67696e7c733a31303a2231353532323933323539223b6c6173745f636865636b7c693a313535323335383136383b),
('20mrgt5qhlaa8f3b88lgps7q5vd21n2l', '::1', 1552379645, 0x5f5f63695f6c6173745f726567656e65726174657c693a313535323337393338333b6964656e746974797c733a363a2261646d696e32223b757365726e616d657c733a363a2261646d696e32223b656d61696c7c733a31353a2261646d696e324061646d696e2e6964223b757365725f69647c733a313a2233223b6f6c645f6c6173745f6c6f67696e7c733a31303a2231353532323933323539223b6c6173745f636865636b7c693a313535323335383136383b),
('6md1pu9i5gkvv5j7sl08srmdjf4iks03', '::1', 1552378986, 0x5f5f63695f6c6173745f726567656e65726174657c693a313535323337383934373b6964656e746974797c733a363a2261646d696e32223b757365726e616d657c733a363a2261646d696e32223b656d61696c7c733a31353a2261646d696e324061646d696e2e6964223b757365725f69647c733a313a2233223b6f6c645f6c6173745f6c6f67696e7c733a31303a2231353532323933323539223b6c6173745f636865636b7c693a313535323335383136383b),
('lb46vnpn0utg8cl69eqn84148v5m2cfk', '::1', 1552378768, 0x5f5f63695f6c6173745f726567656e65726174657c693a313535323337383631363b6964656e746974797c733a363a2261646d696e32223b757365726e616d657c733a363a2261646d696e32223b656d61696c7c733a31353a2261646d696e324061646d696e2e6964223b757365725f69647c733a313a2233223b6f6c645f6c6173745f6c6f67696e7c733a31303a2231353532323933323539223b6c6173745f636865636b7c693a313535323335383136383b),
('frp21fari4m5ov8au2evno363gpm1kt9', '::1', 1552378282, 0x5f5f63695f6c6173745f726567656e65726174657c693a313535323337383031363b6964656e746974797c733a363a2261646d696e32223b757365726e616d657c733a363a2261646d696e32223b656d61696c7c733a31353a2261646d696e324061646d696e2e6964223b757365725f69647c733a313a2233223b6f6c645f6c6173745f6c6f67696e7c733a31303a2231353532323933323539223b6c6173745f636865636b7c693a313535323335383136383b),
('lok3nmjhl00cgg084e4nkfn8gfpj4jks', '::1', 1552377879, 0x5f5f63695f6c6173745f726567656e65726174657c693a313535323337373538323b6964656e746974797c733a363a2261646d696e32223b757365726e616d657c733a363a2261646d696e32223b656d61696c7c733a31353a2261646d696e324061646d696e2e6964223b757365725f69647c733a313a2233223b6f6c645f6c6173745f6c6f67696e7c733a31303a2231353532323933323539223b6c6173745f636865636b7c693a313535323335383136383b),
('iq7r3bcns9k6rp4h45d57hgf0du67nr7', '::1', 1552377484, 0x5f5f63695f6c6173745f726567656e65726174657c693a313535323337373236353b6964656e746974797c733a363a2261646d696e32223b757365726e616d657c733a363a2261646d696e32223b656d61696c7c733a31353a2261646d696e324061646d696e2e6964223b757365725f69647c733a313a2233223b6f6c645f6c6173745f6c6f67696e7c733a31303a2231353532323933323539223b6c6173745f636865636b7c693a313535323335383136383b),
('gef668jh5cpub7terpmaesddocd89aan', '::1', 1552531852, 0x5f5f63695f6c6173745f726567656e65726174657c693a313535323533313631363b6964656e746974797c733a363a2261646d696e32223b757365726e616d657c733a363a2261646d696e32223b656d61696c7c733a31353a2261646d696e324061646d696e2e6964223b757365725f69647c733a313a2233223b6f6c645f6c6173745f6c6f67696e7c733a31303a2231353532343433393234223b6c6173745f636865636b7c693a313535323532393236373b),
('k6lkjpht2tslhqlo465j2vpdpu2arpi3', '::1', 1552376559, 0x5f5f63695f6c6173745f726567656e65726174657c693a313535323337363535383b6964656e746974797c733a363a2261646d696e32223b757365726e616d657c733a363a2261646d696e32223b656d61696c7c733a31353a2261646d696e324061646d696e2e6964223b757365725f69647c733a313a2233223b6f6c645f6c6173745f6c6f67696e7c733a31303a2231353532323933323539223b6c6173745f636865636b7c693a313535323335383136383b),
('1nl1bmq9kr0elpt0465ppfbpi70l0bqk', '::1', 1552531026, 0x5f5f63695f6c6173745f726567656e65726174657c693a313535323533303930323b6964656e746974797c733a363a2261646d696e32223b757365726e616d657c733a363a2261646d696e32223b656d61696c7c733a31353a2261646d696e324061646d696e2e6964223b757365725f69647c733a313a2233223b6f6c645f6c6173745f6c6f67696e7c733a31303a2231353532343433393234223b6c6173745f636865636b7c693a313535323532393236373b),
('963er8064j1i84tp589868qo3jq5osp8', '::1', 1552530902, 0x5f5f63695f6c6173745f726567656e65726174657c693a313535323533303930323b6964656e746974797c733a363a2261646d696e32223b757365726e616d657c733a363a2261646d696e32223b656d61696c7c733a31353a2261646d696e324061646d696e2e6964223b757365725f69647c733a313a2233223b6f6c645f6c6173745f6c6f67696e7c733a31303a2231353532343433393234223b6c6173745f636865636b7c693a313535323532393236373b),
('rut2m6rsoc1n87lms5ucj1gb84pa9vof', '::1', 1552530021, 0x5f5f63695f6c6173745f726567656e65726174657c693a313535323533303032313b6964656e746974797c733a363a2261646d696e32223b757365726e616d657c733a363a2261646d696e32223b656d61696c7c733a31353a2261646d696e324061646d696e2e6964223b757365725f69647c733a313a2233223b6f6c645f6c6173745f6c6f67696e7c733a31303a2231353532343433393234223b6c6173745f636865636b7c693a313535323532393236373b),
('3d552hfsh60oevo1201igv0dcdppp677', '::1', 1552530226, 0x5f5f63695f6c6173745f726567656e65726174657c693a313535323533303032313b6964656e746974797c733a363a2261646d696e32223b757365726e616d657c733a363a2261646d696e32223b656d61696c7c733a31353a2261646d696e324061646d696e2e6964223b757365725f69647c733a313a2233223b6f6c645f6c6173745f6c6f67696e7c733a31303a2231353532343433393234223b6c6173745f636865636b7c693a313535323532393236373b),
('bhke7d82lrqp71fuetbphfsjapld3sa7', '::1', 1552464052, 0x5f5f63695f6c6173745f726567656e65726174657c693a313535323436343035323b),
('n2svq56sq9qnbrhfi2ehn3ontf216ktn', '::1', 1552529382, 0x5f5f63695f6c6173745f726567656e65726174657c693a313535323532393139363b6964656e746974797c733a363a2261646d696e32223b757365726e616d657c733a363a2261646d696e32223b656d61696c7c733a31353a2261646d696e324061646d696e2e6964223b757365725f69647c733a313a2233223b6f6c645f6c6173745f6c6f67696e7c733a31303a2231353532343433393234223b6c6173745f636865636b7c693a313535323532393236373b),
('vf8udpbpfg0m5ings96uc9ssea8p23je', '::1', 1552448457, 0x5f5f63695f6c6173745f726567656e65726174657c693a313535323434383233333b6964656e746974797c733a363a2261646d696e32223b757365726e616d657c733a363a2261646d696e32223b656d61696c7c733a31353a2261646d696e324061646d696e2e6964223b757365725f69647c733a313a2233223b6f6c645f6c6173745f6c6f67696e7c733a31303a2231353532333538313638223b6c6173745f636865636b7c693a313535323434333932343b),
('1f6vfupa0ed2nkmmq4nuhkbg95ovcs8r', '::1', 1552448221, 0x5f5f63695f6c6173745f726567656e65726174657c693a313535323434373933303b6964656e746974797c733a363a2261646d696e32223b757365726e616d657c733a363a2261646d696e32223b656d61696c7c733a31353a2261646d696e324061646d696e2e6964223b757365725f69647c733a313a2233223b6f6c645f6c6173745f6c6f67696e7c733a31303a2231353532333538313638223b6c6173745f636865636b7c693a313535323434333932343b),
('3a56fh5f3leqqokbshftg11k7hdhcmcr', '::1', 1552447779, 0x5f5f63695f6c6173745f726567656e65726174657c693a313535323434373532373b6964656e746974797c733a363a2261646d696e32223b757365726e616d657c733a363a2261646d696e32223b656d61696c7c733a31353a2261646d696e324061646d696e2e6964223b757365725f69647c733a313a2233223b6f6c645f6c6173745f6c6f67696e7c733a31303a2231353532333538313638223b6c6173745f636865636b7c693a313535323434333932343b),
('ik853kmfkoiuihnsn57f9stlckdvd0sa', '::1', 1552447404, 0x5f5f63695f6c6173745f726567656e65726174657c693a313535323434373230353b6964656e746974797c733a363a2261646d696e32223b757365726e616d657c733a363a2261646d696e32223b656d61696c7c733a31353a2261646d696e324061646d696e2e6964223b757365725f69647c733a313a2233223b6f6c645f6c6173745f6c6f67696e7c733a31303a2231353532333538313638223b6c6173745f636865636b7c693a313535323434333932343b),
('fs337guml11p7kqce8vhasoo69h5t07s', '::1', 1552446544, 0x5f5f63695f6c6173745f726567656e65726174657c693a313535323434363533323b6964656e746974797c733a363a2261646d696e32223b757365726e616d657c733a363a2261646d696e32223b656d61696c7c733a31353a2261646d696e324061646d696e2e6964223b757365725f69647c733a313a2233223b6f6c645f6c6173745f6c6f67696e7c733a31303a2231353532333538313638223b6c6173745f636865636b7c693a313535323434333932343b),
('4j089k06t53ch62hbaujej9vcshua7f0', '::1', 1552446398, 0x5f5f63695f6c6173745f726567656e65726174657c693a313535323434363230383b6964656e746974797c733a363a2261646d696e32223b757365726e616d657c733a363a2261646d696e32223b656d61696c7c733a31353a2261646d696e324061646d696e2e6964223b757365725f69647c733a313a2233223b6f6c645f6c6173745f6c6f67696e7c733a31303a2231353532333538313638223b6c6173745f636865636b7c693a313535323434333932343b),
('9tb9q9eu3aa1qcg6410ajclqc7ql64pe', '::1', 1552445942, 0x5f5f63695f6c6173745f726567656e65726174657c693a313535323434353837393b6964656e746974797c733a363a2261646d696e32223b757365726e616d657c733a363a2261646d696e32223b656d61696c7c733a31353a2261646d696e324061646d696e2e6964223b757365725f69647c733a313a2233223b6f6c645f6c6173745f6c6f67696e7c733a31303a2231353532333538313638223b6c6173745f636865636b7c693a313535323434333932343b),
('mgvqbru852cqpaqapvorpbgduusisja8', '::1', 1552445805, 0x5f5f63695f6c6173745f726567656e65726174657c693a313535323434353535393b6964656e746974797c733a363a2261646d696e32223b757365726e616d657c733a363a2261646d696e32223b656d61696c7c733a31353a2261646d696e324061646d696e2e6964223b757365725f69647c733a313a2233223b6f6c645f6c6173745f6c6f67696e7c733a31303a2231353532333538313638223b6c6173745f636865636b7c693a313535323434333932343b),
('kcdgi0vgp4p5gartjc4nq0onsubk20nt', '::1', 1552445500, 0x5f5f63695f6c6173745f726567656e65726174657c693a313535323434353235323b6964656e746974797c733a363a2261646d696e32223b757365726e616d657c733a363a2261646d696e32223b656d61696c7c733a31353a2261646d696e324061646d696e2e6964223b757365725f69647c733a313a2233223b6f6c645f6c6173745f6c6f67696e7c733a31303a2231353532333538313638223b6c6173745f636865636b7c693a313535323434333932343b),
('11lpi6ba7dmsht864v1p48e50hcvtqnr', '::1', 1552445200, 0x5f5f63695f6c6173745f726567656e65726174657c693a313535323434343930373b6964656e746974797c733a363a2261646d696e32223b757365726e616d657c733a363a2261646d696e32223b656d61696c7c733a31353a2261646d696e324061646d696e2e6964223b757365725f69647c733a313a2233223b6f6c645f6c6173745f6c6f67696e7c733a31303a2231353532333538313638223b6c6173745f636865636b7c693a313535323434333932343b),
('i2eugre1381sv3h9a1h4bfurtf9o2fjt', '::1', 1552444755, 0x5f5f63695f6c6173745f726567656e65726174657c693a313535323434343534323b6964656e746974797c733a363a2261646d696e32223b757365726e616d657c733a363a2261646d696e32223b656d61696c7c733a31353a2261646d696e324061646d696e2e6964223b757365725f69647c733a313a2233223b6f6c645f6c6173745f6c6f67696e7c733a31303a2231353532333538313638223b6c6173745f636865636b7c693a313535323434333932343b),
('1pecgei0uqotum1ruubt0sre74orqosf', '::1', 1552444493, 0x5f5f63695f6c6173745f726567656e65726174657c693a313535323434343232303b6964656e746974797c733a363a2261646d696e32223b757365726e616d657c733a363a2261646d696e32223b656d61696c7c733a31353a2261646d696e324061646d696e2e6964223b757365725f69647c733a313a2233223b6f6c645f6c6173745f6c6f67696e7c733a31303a2231353532333538313638223b6c6173745f636865636b7c693a313535323434333932343b),
('mdftnajhlvgdvj5r0r84o43gvkvlc327', '::1', 1552444208, 0x5f5f63695f6c6173745f726567656e65726174657c693a313535323434333930393b6964656e746974797c733a363a2261646d696e32223b757365726e616d657c733a363a2261646d696e32223b656d61696c7c733a31353a2261646d696e324061646d696e2e6964223b757365725f69647c733a313a2233223b6f6c645f6c6173745f6c6f67696e7c733a31303a2231353532333538313638223b6c6173745f636865636b7c693a313535323434333932343b),
('mangiva18uh1i12q7k1v2for7cv8g5kf', '::1', 1552444220, 0x5f5f63695f6c6173745f726567656e65726174657c693a313535323434343232303b6964656e746974797c733a363a2261646d696e32223b757365726e616d657c733a363a2261646d696e32223b656d61696c7c733a31353a2261646d696e324061646d696e2e6964223b757365725f69647c733a313a2233223b6f6c645f6c6173745f6c6f67696e7c733a31303a2231353532333538313638223b6c6173745f636865636b7c693a313535323434333932343b),
('pljaj8pr6been0debioeq8r96cchbf9l', '::1', 1552557011, 0x5f5f63695f6c6173745f726567656e65726174657c693a313535323535363930303b6964656e746974797c733a363a2261646d696e32223b757365726e616d657c733a363a2261646d696e32223b656d61696c7c733a31353a2261646d696e324061646d696e2e6964223b757365725f69647c733a313a2233223b6f6c645f6c6173745f6c6f67696e7c733a31303a2231353532353239323637223b6c6173745f636865636b7c693a313535323535363931323b),
('itk3fk8242fsqjlkk7ld6o49u0inkl3q', '::1', 1552557495, 0x5f5f63695f6c6173745f726567656e65726174657c693a313535323535373431393b6964656e746974797c733a363a2261646d696e32223b757365726e616d657c733a363a2261646d696e32223b656d61696c7c733a31353a2261646d696e324061646d696e2e6964223b757365725f69647c733a313a2233223b6f6c645f6c6173745f6c6f67696e7c733a31303a2231353532353239323637223b6c6173745f636865636b7c693a313535323535363931323b),
('01vkusf34ffilm74fjblovitas12oog9', '::1', 1552558854, 0x5f5f63695f6c6173745f726567656e65726174657c693a313535323535383835333b6964656e746974797c733a363a2261646d696e32223b757365726e616d657c733a363a2261646d696e32223b656d61696c7c733a31353a2261646d696e324061646d696e2e6964223b757365725f69647c733a313a2233223b6f6c645f6c6173745f6c6f67696e7c733a31303a2231353532353239323637223b6c6173745f636865636b7c693a313535323535363931323b),
('v3k1oio93d0o3ic9vo8e1j95fi4mtnq6', '::1', 1552617980, 0x5f5f63695f6c6173745f726567656e65726174657c693a313535323631373732393b6964656e746974797c733a363a2261646d696e32223b757365726e616d657c733a363a2261646d696e32223b656d61696c7c733a31353a2261646d696e324061646d696e2e6964223b757365725f69647c733a313a2233223b6f6c645f6c6173745f6c6f67696e7c733a31303a2231353532353536393132223b6c6173745f636865636b7c693a313535323631373936313b6d6573736167657c733a3134353a223c64697620636c6173733d22616c65727420616c6572742d64616e676572223e3c627574746f6e20747970653d22627574746f6e2220636c6173733d22636c6f73652220646174612d6469736d6973733d22616c6572742220617269612d68696464656e3d2274727565223e2674696d65733b3c2f627574746f6e3e496e636f7272656374204c6f67696e3c2f6469763e223b5f5f63695f766172737c613a313a7b733a373a226d657373616765223b733a333a226f6c64223b7d),
('3iu2f0dq2tknpfcc10r661gc638tdo8q', '::1', 1552618759, 0x5f5f63695f6c6173745f726567656e65726174657c693a313535323631383732343b6964656e746974797c733a363a2261646d696e32223b757365726e616d657c733a363a2261646d696e32223b656d61696c7c733a31353a2261646d696e324061646d696e2e6964223b757365725f69647c733a313a2233223b6f6c645f6c6173745f6c6f67696e7c733a31303a2231353532363137393631223b6c6173745f636865636b7c693a313535323631383734313b),
('u144biqk4rt1asuorka8sfi98j0jovmd', '::1', 1552619347, 0x5f5f63695f6c6173745f726567656e65726174657c693a313535323631393133313b6964656e746974797c733a363a2261646d696e32223b757365726e616d657c733a363a2261646d696e32223b656d61696c7c733a31353a2261646d696e324061646d696e2e6964223b757365725f69647c733a313a2233223b6f6c645f6c6173745f6c6f67696e7c733a31303a2231353532363137393631223b6c6173745f636865636b7c693a313535323631383734313b),
('k4sdmpkep7oiikpehsp1mlhv13baas5t', '::1', 1552619717, 0x5f5f63695f6c6173745f726567656e65726174657c693a313535323631393434323b6964656e746974797c733a363a2261646d696e32223b757365726e616d657c733a363a2261646d696e32223b656d61696c7c733a31353a2261646d696e324061646d696e2e6964223b757365725f69647c733a313a2233223b6f6c645f6c6173745f6c6f67696e7c733a31303a2231353532363137393631223b6c6173745f636865636b7c693a313535323631383734313b),
('id4qjvkvf70k60fi70nl1jj08vkm8on4', '::1', 1552619760, 0x5f5f63695f6c6173745f726567656e65726174657c693a313535323631393736303b6964656e746974797c733a363a2261646d696e32223b757365726e616d657c733a363a2261646d696e32223b656d61696c7c733a31353a2261646d696e324061646d696e2e6964223b757365725f69647c733a313a2233223b6f6c645f6c6173745f6c6f67696e7c733a31303a2231353532363137393631223b6c6173745f636865636b7c693a313535323631383734313b),
('bn053nd444dr1hupmn5de3q5a9ch693i', '::1', 1552620147, 0x5f5f63695f6c6173745f726567656e65726174657c693a313535323632303039323b6964656e746974797c733a363a2261646d696e32223b757365726e616d657c733a363a2261646d696e32223b656d61696c7c733a31353a2261646d696e324061646d696e2e6964223b757365725f69647c733a313a2233223b6f6c645f6c6173745f6c6f67696e7c733a31303a2231353532363137393631223b6c6173745f636865636b7c693a313535323631383734313b6d6573736167657c733a3135323a223c64697620636c6173733d22616c65727420616c6572742d696e666f223e3c627574746f6e20747970653d22627574746f6e2220636c6173733d22636c6f73652220646174612d6469736d6973733d22616c6572742220617269612d68696464656e3d2274727565223e2674696d65733b3c2f627574746f6e3e44617461205361766564205375636365737366756c6c79213c2f6469763e223b5f5f63695f766172737c613a313a7b733a373a226d657373616765223b733a333a226f6c64223b7d),
('14msalvsbmpnvdmcqqlftgopfuqkbkpc', '::1', 1552620621, 0x5f5f63695f6c6173745f726567656e65726174657c693a313535323632303436383b6964656e746974797c733a363a2261646d696e32223b757365726e616d657c733a363a2261646d696e32223b656d61696c7c733a31353a2261646d696e324061646d696e2e6964223b757365725f69647c733a313a2233223b6f6c645f6c6173745f6c6f67696e7c733a31303a2231353532363137393631223b6c6173745f636865636b7c693a313535323631383734313b),
('hocvkfngcv1e3vf1c5tb7fs0uffuvum0', '::1', 1552637724, 0x5f5f63695f6c6173745f726567656e65726174657c693a313535323633373730353b6964656e746974797c733a363a2261646d696e32223b757365726e616d657c733a363a2261646d696e32223b656d61696c7c733a31353a2261646d696e324061646d696e2e6964223b757365725f69647c733a313a2233223b6f6c645f6c6173745f6c6f67696e7c733a31303a2231353532363138373431223b6c6173745f636865636b7c693a313535323633373731353b),
('n7cktk5p3ek0nl6i8het9rngbqucubk2', '::1', 1552638258, 0x5f5f63695f6c6173745f726567656e65726174657c693a313535323633383134373b6964656e746974797c733a363a2261646d696e32223b757365726e616d657c733a363a2261646d696e32223b656d61696c7c733a31353a2261646d696e324061646d696e2e6964223b757365725f69647c733a313a2233223b6f6c645f6c6173745f6c6f67696e7c733a31303a2231353532363138373431223b6c6173745f636865636b7c693a313535323633373731353b),
('ed5qq1qhs68reg4c2n5ac9ba1anvcsn0', '::1', 1552638900, 0x5f5f63695f6c6173745f726567656e65726174657c693a313535323633383838393b6964656e746974797c733a363a2261646d696e32223b757365726e616d657c733a363a2261646d696e32223b656d61696c7c733a31353a2261646d696e324061646d696e2e6964223b757365725f69647c733a313a2233223b6f6c645f6c6173745f6c6f67696e7c733a31303a2231353532363138373431223b6c6173745f636865636b7c693a313535323633373731353b),
('bi08vhgt90k6rs06gadp94frtt3e54d9', '::1', 1552639591, 0x5f5f63695f6c6173745f726567656e65726174657c693a313535323633393536393b6964656e746974797c733a363a2261646d696e32223b757365726e616d657c733a363a2261646d696e32223b656d61696c7c733a31353a2261646d696e324061646d696e2e6964223b757365725f69647c733a313a2233223b6f6c645f6c6173745f6c6f67696e7c733a31303a2231353532363138373431223b6c6173745f636865636b7c693a313535323633373731353b),
('4540gerg4g574361fsk834r51fh6doa5', '::1', 1552640574, 0x5f5f63695f6c6173745f726567656e65726174657c693a313535323634303338373b6964656e746974797c733a363a2261646d696e32223b757365726e616d657c733a363a2261646d696e32223b656d61696c7c733a31353a2261646d696e324061646d696e2e6964223b757365725f69647c733a313a2233223b6f6c645f6c6173745f6c6f67696e7c733a31303a2231353532363138373431223b6c6173745f636865636b7c693a313535323633373731353b),
('ouobfs7qsh0oge84k77re8hkkkafha42', '::1', 1552641939, 0x5f5f63695f6c6173745f726567656e65726174657c693a313535323634313731363b6964656e746974797c733a363a2261646d696e32223b757365726e616d657c733a363a2261646d696e32223b656d61696c7c733a31353a2261646d696e324061646d696e2e6964223b757365725f69647c733a313a2233223b6f6c645f6c6173745f6c6f67696e7c733a31303a2231353532363138373431223b6c6173745f636865636b7c693a313535323633373731353b),
('2nbs4h7h5micth49l5pfdmml86qnuht1', '::1', 1552642049, 0x5f5f63695f6c6173745f726567656e65726174657c693a313535323634323034383b6964656e746974797c733a363a2261646d696e32223b757365726e616d657c733a363a2261646d696e32223b656d61696c7c733a31353a2261646d696e324061646d696e2e6964223b757365725f69647c733a313a2233223b6f6c645f6c6173745f6c6f67696e7c733a31303a2231353532363138373431223b6c6173745f636865636b7c693a313535323633373731353b),
('k1ooa8c5edc2j04j6sfdlh374sur1ki5', '::1', 1552642661, 0x5f5f63695f6c6173745f726567656e65726174657c693a313535323634323339313b6964656e746974797c733a363a2261646d696e32223b757365726e616d657c733a363a2261646d696e32223b656d61696c7c733a31353a2261646d696e324061646d696e2e6964223b757365725f69647c733a313a2233223b6f6c645f6c6173745f6c6f67696e7c733a31303a2231353532363138373431223b6c6173745f636865636b7c693a313535323633373731353b),
('u3ef7cgo3g40s60ctsoandots2rp7mum', '::1', 1552643028, 0x5f5f63695f6c6173745f726567656e65726174657c693a313535323634323737363b6964656e746974797c733a363a2261646d696e32223b757365726e616d657c733a363a2261646d696e32223b656d61696c7c733a31353a2261646d696e324061646d696e2e6964223b757365725f69647c733a313a2233223b6f6c645f6c6173745f6c6f67696e7c733a31303a2231353532363138373431223b6c6173745f636865636b7c693a313535323633373731353b),
('b463c0ao7b40nkopnghv7gankchs309b', '::1', 1552643362, 0x5f5f63695f6c6173745f726567656e65726174657c693a313535323634333134363b6964656e746974797c733a363a2261646d696e32223b757365726e616d657c733a363a2261646d696e32223b656d61696c7c733a31353a2261646d696e324061646d696e2e6964223b757365725f69647c733a313a2233223b6f6c645f6c6173745f6c6f67696e7c733a31303a2231353532363138373431223b6c6173745f636865636b7c693a313535323633373731353b);

-- --------------------------------------------------------

--
-- Struktur dari tabel `inv_categories`
--

CREATE TABLE `inv_categories` (
  `id` int(12) UNSIGNED NOT NULL,
  `code` varchar(30) NOT NULL,
  `name` varchar(255) NOT NULL,
  `description` text,
  `deleted` tinyint(1) NOT NULL DEFAULT '0' COMMENT '1 = deleted',
  `created_by` varchar(255) NOT NULL,
  `created_on` datetime NOT NULL,
  `updated_by` varchar(255) NOT NULL,
  `updated_on` datetime NOT NULL
) ENGINE=InnoDB DEFAULT CHARSET=latin1;

--
-- Dumping data untuk tabel `inv_categories`
--

INSERT INTO `inv_categories` (`id`, `code`, `name`, `description`, `deleted`, `created_by`, `created_on`, `updated_by`, `updated_on`) VALUES
(1, '001', 'POS', '<p>Point Of Sales</p>', 0, 'admin2', '2019-03-05 15:06:19', 'admin2', '2019-03-05 15:06:19'),
(2, '002', 'CVIM', '<p>Vending Machine</p>', 0, 'admin2', '2019-03-05 15:07:01', 'admin2', '2019-03-05 15:07:01'),
(3, '003', 'GATE', '<p>Portal tiket</p>', 0, 'admin2', '2019-03-05 15:07:27', 'admin2', '2019-03-05 15:07:27');

-- --------------------------------------------------------

--
-- Struktur dari tabel `inv_datas`
--

CREATE TABLE `inv_datas` (
  `id` int(12) UNSIGNED NOT NULL,
  `code` varchar(255) NOT NULL,
  `category_id` int(12) NOT NULL COMMENT 'FK inv_category',
  `location_id` int(12) DEFAULT NULL COMMENT 'FK inv_location',
  `stok` varchar(999) NOT NULL,
  `brand` varchar(255) DEFAULT NULL,
  `model` varchar(255) DEFAULT NULL,
  `serial_number` varchar(255) DEFAULT NULL,
  `status` int(12) DEFAULT NULL COMMENT 'FK master_status',
  `length` int(12) DEFAULT NULL COMMENT 'Panjang',
  `width` int(12) DEFAULT NULL COMMENT 'Lebar',
  `height` int(12) DEFAULT NULL COMMENT 'Tinggi',
  `weight` int(12) DEFAULT NULL COMMENT 'Berat',
  `color` varchar(20) DEFAULT NULL COMMENT 'Warna',
  `price` int(12) DEFAULT NULL COMMENT 'Harga Beli',
  `date_of_purchase` date DEFAULT NULL COMMENT 'Tgl Beli',
  `photo` text COMMENT 'Foto',
  `thumbnail` text COMMENT 'Thumb',
  `description` text COMMENT 'Keterangan',
  `deleted` tinyint(1) NOT NULL DEFAULT '0',
  `created_by` varchar(255) NOT NULL,
  `created_on` datetime NOT NULL,
  `updated_by` varchar(255) NOT NULL,
  `updated_on` datetime NOT NULL
) ENGINE=InnoDB DEFAULT CHARSET=latin1;

--
-- Dumping data untuk tabel `inv_datas`
--

INSERT INTO `inv_datas` (`id`, `code`, `category_id`, `location_id`, `stok`, `brand`, `model`, `serial_number`, `status`, `length`, `width`, `height`, `weight`, `color`, `price`, `date_of_purchase`, `photo`, `thumbnail`, `description`, `deleted`, `created_by`, `created_on`, `updated_by`, `updated_on`) VALUES
(1, 'USC', 2, 42, '-70', 'Kabel USB', 'Hippo', '112-666-911', 2, 50, 0, 0, 0, 'Black', 15000, '2019-03-08', 'USCKabel_USBHippo.jpg', 'USCKabel_USBHippo_thumb.jpg', '', 0, 'admin2', '2019-03-05 15:09:51', 'admin2', '2019-03-05 15:10:34'),
(2, 'LDP', 3, 42, '5', 'LCD Display', 'Nextion', '121-453-908', 1, 20, 10, 0, 0, 'Biru', 1500000, '2019-03-20', 'LDPLCD_DisplayNextion.jpg', 'LDPLCD_DisplayNextion_thumb.jpg', '', 0, 'admin2', '2019-03-05 15:36:26', 'admin2', '2019-03-05 15:40:19'),
(3, 'PSU12', 3, 42, '3', 'Power Supply 12 V', 'GCS', '135-783-636', 3, 25, 15, 0, 0, 'Abu-abu', 150000, '2019-03-09', 'PSU12Power_Supply_12_VGCS.jpg', 'PSU12Power_Supply_12_VGCS_thumb.jpg', '', 0, 'admin2', '2019-03-05 15:45:09', 'admin2', '2019-03-05 15:45:09'),
(4, 'a', 1, 3, '', 'v', 'w', '2', 4, 0, 0, 0, 0, 'Hitam', 2, '2019-03-08', NULL, NULL, '', 1, 'admin2', '2019-03-05 16:45:34', 'admin2', '2019-03-05 16:54:50'),
(5, 'test', 1, 3, '66', 'test', 'test', '123', 1, 0, 0, 0, 0, 'Hitam', 12, '2019-03-07', NULL, NULL, '', 1, 'admin2', '2019-03-05 16:54:03', 'admin2', '2019-03-11 16:21:40'),
(6, '1', 1, 3, '2', '1', '1', '1', 1, 0, 0, 0, 0, 'Hitam', 1, '2019-03-06', NULL, NULL, '<p>1</p>', 1, 'admin2', '2019-03-06 11:26:08', 'admin2', '2019-03-06 11:27:30'),
(7, '1321', 1, 3, '54', 'qe', 'wer', '131', 1, 0, 0, 0, 0, 'Hitam', 1, '2019-03-29', NULL, NULL, '', 1, 'admin2', '2019-03-06 12:03:23', 'admin2', '2019-03-11 16:21:29'),
(8, '2', 1, 3, '', '1', '1', '141324', 1, 0, 0, 0, 0, 'Hitam', 1, '2019-03-06', NULL, NULL, '<p>23</p>', 1, 'admin2', '2019-03-06 12:11:02', 'admin2', '2019-03-11 16:21:21'),
(9, '432', 1, 3, '65', '123', 'rrwe', '2342', 4, NULL, NULL, NULL, NULL, NULL, 24, '2019-03-20', NULL, NULL, NULL, 1, 'admin2', '2019-03-06 13:50:34', 'admin2', '2019-03-06 13:51:29'),
(10, 'qwe', 1, 3, '', 'qwe', '', '', 1, NULL, NULL, NULL, NULL, NULL, 0, '0000-00-00', NULL, NULL, NULL, 1, 'admin2', '2019-03-11 16:20:45', 'admin2', '2019-03-11 16:21:08'),
(11, 'xcv', 2, 3, '', 'qwe', '', '', NULL, NULL, NULL, NULL, NULL, NULL, 0, '0000-00-00', NULL, NULL, NULL, 0, 'admin2', '2019-03-11 16:29:57', 'admin2', '2019-03-11 16:29:57'),
(12, 'hfg', 1, 3, '1', 'uwer', 'a', '8798', 1, NULL, NULL, NULL, NULL, NULL, 1, '2019-03-12', NULL, NULL, NULL, 0, 'admin2', '2019-03-12 13:07:52', 'admin2', '2019-03-12 13:07:52'),
(13, 'Z', 1, 3, '0', 'B', 'C', '0', 1, 0, 0, 0, 0, 'Hitam', 1, '2019-03-28', NULL, NULL, '', 0, 'admin2', '2019-03-14 14:34:54', 'admin2', '2019-03-14 14:34:54');

-- --------------------------------------------------------

--
-- Struktur dari tabel `inv_locations`
--

CREATE TABLE `inv_locations` (
  `id` int(12) UNSIGNED NOT NULL,
  `code` varchar(255) NOT NULL,
  `name` varchar(255) NOT NULL,
  `detail` text,
  `photo` text,
  `thumbnail` text,
  `deleted` tinyint(1) NOT NULL DEFAULT '0',
  `created_by` varchar(255) NOT NULL,
  `created_on` datetime NOT NULL,
  `updated_by` varchar(255) NOT NULL,
  `updated_on` datetime NOT NULL
) ENGINE=InnoDB DEFAULT CHARSET=latin1;

--
-- Dumping data untuk tabel `inv_locations`
--

INSERT INTO `inv_locations` (`id`, `code`, `name`, `detail`, `photo`, `thumbnail`, `deleted`, `created_by`, `created_on`, `updated_by`, `updated_on`) VALUES
(1, 'AK', 'Stasiun Angke', '', NULL, NULL, 1, 'admin2', '2019-03-05 14:40:09', 'admin2', '2019-03-05 14:41:37'),
(2, 'BPR', 'Stasiun Batu Ceper', '', NULL, NULL, 1, 'admin2', '2019-03-05 14:40:34', 'admin2', '2019-03-05 14:41:34'),
(3, 'UP', 'Stasiun Universitas Pancasila', '', NULL, NULL, 0, 'admin2', '2019-03-05 14:42:19', 'admin2', '2019-03-05 14:42:19'),
(4, 'UI', 'Stasiun Universitas Indonesia', '', NULL, NULL, 0, 'admin2', '2019-03-05 14:43:22', 'admin2', '2019-03-05 14:43:22'),
(5, 'TGS', 'Stasiun Tigaraksa', '', NULL, NULL, 0, 'admin2', '2019-03-05 14:43:53', 'admin2', '2019-03-05 14:43:53'),
(6, 'TJ', 'Stasiun Tenjo', '', NULL, NULL, 0, 'admin2', '2019-03-05 14:44:11', 'admin2', '2019-03-05 14:44:11'),
(7, 'TEB', 'Stasiun Tebet', '', NULL, NULL, 0, 'admin2', '2019-03-05 14:45:28', 'admin2', '2019-03-05 14:45:28'),
(8, 'TNT', 'Stasiun Tanjung Barat', '', NULL, NULL, 0, 'admin2', '2019-03-05 14:45:56', 'admin2', '2019-03-05 14:45:56'),
(9, 'TNG', 'Stasiun Tangerang', '', NULL, NULL, 0, 'admin2', '2019-03-05 14:46:29', 'admin2', '2019-03-05 14:46:29'),
(10, 'THB', 'Stasiun Tanah Abang', '', NULL, NULL, 0, 'admin2', '2019-03-05 14:47:49', 'admin2', '2019-03-05 14:49:03'),
(11, 'SUD', 'Stasiun Sudirman', '', NULL, NULL, 0, 'admin2', '2019-03-05 14:48:35', 'admin2', '2019-03-05 14:48:35'),
(12, 'SDM', 'Stasiun Sudimara', '', NULL, NULL, 0, 'admin2', '2019-03-05 14:50:00', 'admin2', '2019-03-05 14:50:00'),
(13, 'SRP', 'Stasiun Serpong', '', NULL, NULL, 0, 'admin2', '2019-03-05 14:50:33', 'admin2', '2019-03-05 14:50:33'),
(14, 'SW', 'Stasiun Sawah Besar', '', NULL, NULL, 0, 'admin2', '2019-03-05 14:50:57', 'admin2', '2019-03-05 14:50:57'),
(15, 'RW', 'Stasiun Rawabuaya', '', NULL, NULL, 0, 'admin2', '2019-03-05 14:51:22', 'admin2', '2019-03-05 14:51:22'),
(16, 'RU', 'Stasiun Rawabuntu', '', NULL, NULL, 0, 'admin2', '2019-03-05 14:51:41', 'admin2', '2019-03-05 14:51:41'),
(17, 'RJW', 'Stasiun Rajawali', '', NULL, NULL, 0, 'admin2', '2019-03-05 14:52:07', 'admin2', '2019-03-05 14:52:07'),
(18, 'PI', 'Stasiun Poris', '', NULL, NULL, 0, 'admin2', '2019-03-05 14:54:25', 'admin2', '2019-03-05 14:54:25'),
(19, 'PDJ', 'Stasiun Pondok Ranji', '', NULL, NULL, 0, 'admin2', '2019-03-05 14:54:50', 'admin2', '2019-03-05 14:54:50'),
(20, 'POK', 'Stasiun Pondok Jati', '', NULL, NULL, 0, 'admin2', '2019-03-05 14:55:30', 'admin2', '2019-03-05 14:55:30'),
(21, 'POC', 'Stasiun Pondok Cina', '', NULL, NULL, 0, 'admin2', '2019-03-05 14:55:56', 'admin2', '2019-03-05 14:55:56'),
(22, 'PSG', 'Stasiun Pesing', '', NULL, NULL, 0, 'admin2', '2019-03-05 14:56:16', 'admin2', '2019-03-05 14:56:16'),
(23, 'PSE', 'Stasiun Pasar Senen', '', NULL, NULL, 0, 'admin2', '2019-03-05 14:56:37', 'admin2', '2019-03-05 14:56:37'),
(24, 'PSMB', 'Stasiun Pasar Minggu Baru', '', NULL, NULL, 0, 'admin2', '2019-03-05 14:57:02', 'admin2', '2019-03-05 14:57:02'),
(25, 'PSM', 'Stasiun Pasar Minggu', '', NULL, NULL, 0, 'admin2', '2019-03-05 14:57:22', 'admin2', '2019-03-05 14:57:22'),
(26, 'PRP', 'Stasiun Parung Panjang', '', NULL, NULL, 0, 'admin2', '2019-03-05 14:57:43', 'admin2', '2019-03-05 14:57:43'),
(27, 'PLM', 'Stasiun Palmerah', '', NULL, NULL, 0, 'admin2', '2019-03-05 14:58:09', 'admin2', '2019-03-05 14:58:09'),
(28, 'MRI', 'Stasiun Manggarai', '', NULL, NULL, 0, 'admin2', '2019-03-05 14:58:42', 'admin2', '2019-03-05 14:58:42'),
(29, 'MB', 'Stasiun Mangga Besar', '', NULL, NULL, 0, 'admin2', '2019-03-05 14:59:03', 'admin2', '2019-03-05 14:59:03'),
(30, 'MJ', 'Stasiun Maja', '', NULL, NULL, 0, 'admin2', '2019-03-05 14:59:20', 'admin2', '2019-03-05 14:59:27'),
(31, 'LNA', 'Stasiun Lenteng Agung', '', NULL, NULL, 0, 'admin2', '2019-03-05 15:00:00', 'admin2', '2019-03-05 15:00:00'),
(32, 'KRI', 'Stasiun Kranji', '', NULL, NULL, 0, 'admin2', '2019-03-05 15:00:18', 'admin2', '2019-03-05 15:00:18'),
(33, 'KMT', 'Stasiun Kramat', '', NULL, NULL, 0, 'admin2', '2019-03-05 15:00:36', 'admin2', '2019-03-05 15:00:36'),
(34, 'KLDB', 'Stasiun Klender Baru', '', NULL, NULL, 0, 'admin2', '2019-03-05 15:00:56', 'admin2', '2019-03-05 15:00:56'),
(35, 'KLD', 'Stasiun Klender', '', NULL, NULL, 0, 'admin2', '2019-03-05 15:01:15', 'admin2', '2019-03-05 15:01:15'),
(36, 'KMO', 'Stasiun Kemayoran', '', NULL, NULL, 0, 'admin2', '2019-03-05 15:01:38', 'admin2', '2019-03-05 15:01:38'),
(37, 'KBY', 'Stasiun Kebayoran', '', NULL, NULL, 0, 'admin2', '2019-03-05 15:01:58', 'admin2', '2019-03-05 15:01:58'),
(38, 'KRT', 'Stasiun Karet', '', NULL, NULL, 0, 'admin2', '2019-03-05 15:02:12', 'admin2', '2019-03-05 15:02:12'),
(39, 'KPB', 'Stasiun Kampung Bandan', '', NULL, NULL, 0, 'admin2', '2019-03-05 15:02:35', 'admin2', '2019-03-05 15:02:35'),
(40, 'KDS', 'Stasiun Kalideres', '', NULL, NULL, 0, 'admin2', '2019-03-05 15:02:52', 'admin2', '2019-03-05 15:02:52'),
(41, 'JRU', 'Stasiun Jurangmangu', '', NULL, NULL, 0, 'admin2', '2019-03-05 15:03:18', 'admin2', '2019-03-05 15:03:18'),
(42, 'JUA', 'Stasiun Juanda', '', NULL, NULL, 0, 'admin2', '2019-03-05 15:03:38', 'admin2', '2019-03-05 15:03:38'),
(43, 'JYK', 'Stasiun Jayakarta', '', NULL, NULL, 0, 'admin2', '2019-03-05 15:33:36', 'admin2', '2019-03-05 15:33:36'),
(44, 'JNG', 'Stasiun Jatinegara', '', NULL, NULL, 0, 'admin2', '2019-03-05 15:34:00', 'admin2', '2019-03-05 15:34:00'),
(45, 'JAKK', 'Stasiun Jakarta Kota', '', NULL, NULL, 0, 'admin2', '2019-03-05 15:34:46', 'admin2', '2019-03-05 15:34:46');

-- --------------------------------------------------------

--
-- Struktur dari tabel `inv_log_data_location`
--

CREATE TABLE `inv_log_data_location` (
  `id` int(12) UNSIGNED NOT NULL,
  `code` varchar(255) NOT NULL COMMENT 'FK inv_datas',
  `location_id` int(12) NOT NULL COMMENT 'FK inv_locations',
  `created_by` varchar(255) NOT NULL,
  `created_on` datetime NOT NULL,
  `updated_by` varchar(255) NOT NULL,
  `updated_on` datetime NOT NULL
) ENGINE=InnoDB DEFAULT CHARSET=latin1;

--
-- Dumping data untuk tabel `inv_log_data_location`
--

INSERT INTO `inv_log_data_location` (`id`, `code`, `location_id`, `created_by`, `created_on`, `updated_by`, `updated_on`) VALUES
(1, 'USC', 3, 'admin2', '2019-03-05 15:09:52', 'admin2', '2019-03-05 15:09:52'),
(2, 'LDP', 42, 'admin2', '2019-03-05 15:36:26', 'admin2', '2019-03-05 15:36:26'),
(3, 'PSU12', 42, 'admin2', '2019-03-05 15:45:09', 'admin2', '2019-03-05 15:45:09'),
(4, 'a', 3, 'admin2', '2019-03-05 16:45:34', 'admin2', '2019-03-05 16:45:34'),
(5, 'test', 3, 'admin2', '2019-03-05 16:54:03', 'admin2', '2019-03-05 16:54:03'),
(6, '1', 3, 'admin2', '2019-03-06 11:26:08', 'admin2', '2019-03-06 11:26:08'),
(7, '1321', 3, 'admin2', '2019-03-06 12:03:24', 'admin2', '2019-03-06 12:03:24'),
(8, '2', 3, 'admin2', '2019-03-06 12:11:02', 'admin2', '2019-03-06 12:11:02'),
(9, '432', 3, 'admin2', '2019-03-06 13:50:34', 'admin2', '2019-03-06 13:50:34'),
(10, 'qwe', 3, 'admin2', '2019-03-11 16:20:45', 'admin2', '2019-03-11 16:20:45'),
(11, 'xcv', 3, 'admin2', '2019-03-11 16:29:57', 'admin2', '2019-03-11 16:29:57'),
(12, 'hfg', 3, 'admin2', '2019-03-12 13:07:52', 'admin2', '2019-03-12 13:07:52'),
(13, 'tre', 7, 'admin2', '2019-03-14 11:49:00', 'admin2', '2019-03-14 11:49:00'),
(14, 'wre', 8, 'admin2', '2019-03-14 11:50:42', 'admin2', '2019-03-14 11:50:42'),
(15, 'a', 3, 'admin2', '2019-03-14 13:12:34', 'admin2', '2019-03-14 13:12:34'),
(16, 'das', 3, 'admin2', '2019-03-14 14:15:07', 'admin2', '2019-03-14 14:15:07'),
(17, 'Z', 3, 'admin2', '2019-03-14 14:34:54', 'admin2', '2019-03-14 14:34:54'),
(18, 'USC', 42, 'admin2', '2019-03-14 14:55:35', 'admin2', '2019-03-14 14:55:35'),
(19, 'Z', 3, 'admin2', '2019-03-14 14:58:25', 'admin2', '2019-03-14 14:58:25'),
(20, 'Z', 3, 'admin2', '2019-03-14 15:04:35', 'admin2', '2019-03-14 15:04:35'),
(21, 'USC', 3, 'admin2', '2019-03-15 10:16:00', 'admin2', '2019-03-15 10:16:00'),
(22, 'USC', 3, 'admin2', '2019-03-15 10:21:32', 'admin2', '2019-03-15 10:21:32'),
(23, 'USC', 3, 'admin2', '2019-03-15 10:21:36', 'admin2', '2019-03-15 10:21:36'),
(24, 'USC', 3, 'admin2', '2019-03-15 10:22:26', 'admin2', '2019-03-15 10:22:26'),
(25, 'USC', 3, 'admin2', '2019-03-15 16:41:06', 'admin2', '2019-03-15 16:41:06'),
(26, 'USC', 3, 'admin2', '2019-03-15 16:42:52', 'admin2', '2019-03-15 16:42:52');

-- --------------------------------------------------------

--
-- Struktur dari tabel `inv_log_data_status`
--

CREATE TABLE `inv_log_data_status` (
  `id` int(12) UNSIGNED NOT NULL,
  `code` varchar(255) NOT NULL COMMENT 'FK inv_datas',
  `status_id` int(12) NOT NULL COMMENT 'FK inv_status',
  `created_by` varchar(255) NOT NULL,
  `created_on` datetime NOT NULL,
  `updated_by` varchar(255) NOT NULL,
  `updated_on` datetime NOT NULL
) ENGINE=InnoDB DEFAULT CHARSET=latin1;

--
-- Dumping data untuk tabel `inv_log_data_status`
--

INSERT INTO `inv_log_data_status` (`id`, `code`, `status_id`, `created_by`, `created_on`, `updated_by`, `updated_on`) VALUES
(1, 'USC', 2, 'admin2', '2019-03-05 15:09:52', 'admin2', '2019-03-05 15:09:52'),
(2, 'LDP', 1, 'admin2', '2019-03-05 15:36:26', 'admin2', '2019-03-05 15:36:26'),
(3, 'PSU12', 3, 'admin2', '2019-03-05 15:45:09', 'admin2', '2019-03-05 15:45:09'),
(4, 'a', 1, 'admin2', '2019-03-05 16:45:34', 'admin2', '2019-03-05 16:45:34'),
(5, 'test', 1, 'admin2', '2019-03-05 16:54:03', 'admin2', '2019-03-05 16:54:03'),
(6, '1', 1, 'admin2', '2019-03-06 11:26:08', 'admin2', '2019-03-06 11:26:08'),
(7, '1321', 1, 'admin2', '2019-03-06 12:03:24', 'admin2', '2019-03-06 12:03:24'),
(8, '2', 1, 'admin2', '2019-03-06 12:11:02', 'admin2', '2019-03-06 12:11:02'),
(9, '432', 4, 'admin2', '2019-03-06 13:50:34', 'admin2', '2019-03-06 13:50:34'),
(10, 'qwe', 1, 'admin2', '2019-03-11 16:20:45', 'admin2', '2019-03-11 16:20:45'),
(11, 'hfg', 1, 'admin2', '2019-03-12 13:07:52', 'admin2', '2019-03-12 13:07:52'),
(12, 'tre', 1, 'admin2', '2019-03-14 11:49:00', 'admin2', '2019-03-14 11:49:00'),
(13, 'wre', 1, 'admin2', '2019-03-14 11:50:42', 'admin2', '2019-03-14 11:50:42'),
(14, 'a', 1, 'admin2', '2019-03-14 13:12:34', 'admin2', '2019-03-14 13:12:34'),
(15, 'das', 1, 'admin2', '2019-03-14 14:15:07', 'admin2', '2019-03-14 14:15:07'),
(16, 'Z', 1, 'admin2', '2019-03-14 14:34:54', 'admin2', '2019-03-14 14:34:54'),
(17, 'USC', 2, 'admin2', '2019-03-14 14:55:35', 'admin2', '2019-03-14 14:55:35'),
(18, 'Z', 1, 'admin2', '2019-03-14 14:58:25', 'admin2', '2019-03-14 14:58:25'),
(19, 'Z', 1, 'admin2', '2019-03-14 15:04:35', 'admin2', '2019-03-14 15:04:35'),
(20, 'USC', 1, 'admin2', '2019-03-15 10:22:27', 'admin2', '2019-03-15 10:22:27'),
(21, 'USC', 1, 'admin2', '2019-03-15 16:41:06', 'admin2', '2019-03-15 16:41:06'),
(22, 'USC', 1, 'admin2', '2019-03-15 16:42:52', 'admin2', '2019-03-15 16:42:52');

-- --------------------------------------------------------

--
-- Struktur dari tabel `inv_out`
--

CREATE TABLE `inv_out` (
  `id` int(12) UNSIGNED NOT NULL,
  `code` varchar(255) NOT NULL,
  `category_id` int(12) NOT NULL COMMENT 'FK inv_category',
  `location_id` int(12) DEFAULT NULL COMMENT 'FK inv_location',
  `stok` varchar(999) NOT NULL,
  `brand` varchar(255) DEFAULT NULL,
  `model` varchar(255) DEFAULT NULL,
  `serial_number` varchar(255) DEFAULT NULL,
  `teknisi` varchar(20) NOT NULL,
  `status` int(12) DEFAULT NULL COMMENT 'FK master_status',
  `length` int(12) DEFAULT NULL COMMENT 'Panjang',
  `width` int(12) DEFAULT NULL COMMENT 'Lebar',
  `height` int(12) DEFAULT NULL COMMENT 'Tinggi',
  `weight` int(12) DEFAULT NULL COMMENT 'Berat',
  `color` varchar(20) DEFAULT NULL COMMENT 'Warna',
  `price` int(12) DEFAULT NULL COMMENT 'Harga Beli',
  `date_of_purchase` date DEFAULT NULL COMMENT 'Tgl Beli',
  `photo` text COMMENT 'Foto',
  `thumbnail` text COMMENT 'Thumb',
  `description` text COMMENT 'Keterangan',
  `deleted` tinyint(1) NOT NULL DEFAULT '0',
  `created_by` varchar(255) NOT NULL,
  `created_on` datetime NOT NULL,
  `updated_by` varchar(255) NOT NULL,
  `updated_on` datetime NOT NULL
) ENGINE=InnoDB DEFAULT CHARSET=latin1;

--
-- Dumping data untuk tabel `inv_out`
--

INSERT INTO `inv_out` (`id`, `code`, `category_id`, `location_id`, `stok`, `brand`, `model`, `serial_number`, `teknisi`, `status`, `length`, `width`, `height`, `weight`, `color`, `price`, `date_of_purchase`, `photo`, `thumbnail`, `description`, `deleted`, `created_by`, `created_on`, `updated_by`, `updated_on`) VALUES
(1, 'tre', 1, 7, '7', 'yutruy', 'jhkj', '45', '', 1, 0, 0, 0, 0, 'Hitam', 5, '2019-03-12', NULL, NULL, '', 0, 'admin2', '2019-03-14 11:49:00', 'admin2', '2019-03-14 11:49:00'),
(2, 'wre', 1, 8, '6', 'sfgsf', 'sfd', '243', '', 1, 0, 0, 0, 0, 'Hitam', 56, '2019-03-23', NULL, NULL, '', 0, 'admin2', '2019-03-14 11:50:42', 'admin2', '2019-03-14 11:50:42'),
(3, 'a', 1, 3, '8', 'b', 'c', '1', '', 1, 0, 0, 0, 0, 'Hitam', 1, '2019-03-14', NULL, NULL, '', 0, 'admin2', '2019-03-14 13:12:34', 'admin2', '2019-03-14 13:12:34'),
(4, 'das', 1, 3, '4', 'ZXF', 'ZXC', '234', '', 1, 0, 0, 0, 0, 'Hitam', 3, '2019-03-20', NULL, NULL, '', 0, 'admin2', '2019-03-14 14:15:07', 'admin2', '2019-03-14 14:15:07'),
(5, 'USC', 2, 42, '5', 'Kabel USB', 'Hippo', '112-666-911', '', 2, 50, 0, 0, 0, 'Hitam', 15000, '2019-03-08', NULL, NULL, '', 0, 'admin2', '2019-03-14 14:55:35', 'admin2', '2019-03-14 14:55:35'),
(6, 'Z', 1, 3, '40', 'EWQ', 'RWEA', '432', '', 1, 0, 0, 0, 0, 'Hitam', 8658, '2019-03-30', NULL, NULL, '', 0, 'admin2', '2019-03-14 14:58:25', 'admin2', '2019-03-14 14:58:25'),
(7, 'Z', 1, 3, '5', 'ryedy', 'ryeyr', '65465', '', 1, 0, 0, 0, 0, 'Hitam', 4656, '2019-03-19', NULL, NULL, '', 0, 'admin2', '2019-03-14 15:04:35', 'admin2', '2019-03-14 15:04:35'),
(8, 'USC', 1, 3, '20', 'Kabel USB', 'hippo', '111', '', NULL, NULL, NULL, NULL, NULL, NULL, 20000, '2019-03-06', NULL, NULL, '', 0, 'admin2', '2019-03-15 10:16:00', 'admin2', '2019-03-15 10:16:00'),
(9, 'USC', 1, 3, '20', 'Kabel USB', 'hippo', '111', '', NULL, NULL, NULL, NULL, NULL, NULL, 20000, '2019-03-06', NULL, NULL, '', 0, 'admin2', '2019-03-15 10:21:32', 'admin2', '2019-03-15 10:21:32'),
(10, 'USC', 1, 3, '20', 'Kabel USB', 'hippo', '111', '', NULL, NULL, NULL, NULL, NULL, NULL, 20000, '2019-03-06', NULL, NULL, '', 0, 'admin2', '2019-03-15 10:21:36', 'admin2', '2019-03-15 10:21:36'),
(11, 'USC', 1, 3, '20', 'Kabel USB', 'hippo', '111', '', 1, 0, 0, 0, 0, 'Hitam', 10000, '2019-03-14', NULL, NULL, '', 0, 'admin2', '2019-03-15 10:22:26', 'admin2', '2019-03-15 10:22:26'),
(12, 'USC', 1, 3, '', 'Kabel USB', 'vivan', '111', 'aslam', 1, 0, 0, 0, 0, 'Hitam', 0, '0000-00-00', NULL, NULL, '', 0, 'admin2', '2019-03-15 16:41:05', 'admin2', '2019-03-15 16:41:05'),
(13, 'USC', 1, 3, '', 'Kabel USB', 'vivan', '112', 'b', 1, NULL, NULL, NULL, NULL, NULL, 0, '0000-00-00', NULL, NULL, '', 0, 'admin2', '2019-03-15 16:42:52', 'admin2', '2019-03-15 16:42:52');

--
-- Trigger `inv_out`
--
DELIMITER $$
CREATE TRIGGER `barang_keluar` AFTER INSERT ON `inv_out` FOR EACH ROW BEGIN
	UPDATE inv_datas SET stok=stok-NEW.stok
	WHERE code = NEW.code;
END
$$
DELIMITER ;

-- --------------------------------------------------------

--
-- Struktur dari tabel `inv_status`
--

CREATE TABLE `inv_status` (
  `id` int(12) UNSIGNED NOT NULL,
  `name` varchar(50) NOT NULL,
  `description` text,
  `deleted` tinyint(1) NOT NULL DEFAULT '0',
  `created_by` varchar(255) NOT NULL,
  `created_on` datetime DEFAULT NULL,
  `updated_by` varchar(255) NOT NULL,
  `updated_on` datetime DEFAULT NULL
) ENGINE=InnoDB DEFAULT CHARSET=latin1;

--
-- Dumping data untuk tabel `inv_status`
--

INSERT INTO `inv_status` (`id`, `name`, `description`, `deleted`, `created_by`, `created_on`, `updated_by`, `updated_on`) VALUES
(1, 'Error', '<p>-</p>', 0, 'administrator', '2018-04-13 11:16:07', 'admin2', '2019-03-05 15:08:35'),
(2, 'Hilang', '<p>-</p>', 0, 'administrator', '2018-04-13 11:17:25', 'admin2', '2019-03-05 15:08:11'),
(3, 'Rusak', '<p>-</p>', 0, 'administrator', '2018-04-18 16:34:43', 'admin2', '2019-03-05 15:07:57'),
(4, 'Berfungsi', '', 0, 'admin2', '2019-03-06 12:08:44', 'admin2', '2019-03-06 12:08:44');

-- --------------------------------------------------------

--
-- Struktur dari tabel `login_attempts`
--

CREATE TABLE `login_attempts` (
  `id` int(11) UNSIGNED NOT NULL,
  `ip_address` varchar(45) NOT NULL,
  `login` varchar(100) NOT NULL,
  `time` int(11) UNSIGNED DEFAULT NULL
) ENGINE=InnoDB DEFAULT CHARSET=utf8;

--
-- Dumping data untuk tabel `login_attempts`
--

INSERT INTO `login_attempts` (`id`, `ip_address`, `login`, `time`) VALUES
(1, '::1', 'admin', 1552617974),
(2, '::1', 'admin', 1552618730);

-- --------------------------------------------------------

--
-- Struktur dari tabel `master_color`
--

CREATE TABLE `master_color` (
  `id` tinyint(2) UNSIGNED NOT NULL,
  `name` varchar(30) NOT NULL,
  `deleted` tinyint(1) NOT NULL DEFAULT '0',
  `created_by` varchar(255) NOT NULL,
  `created_on` datetime NOT NULL,
  `updated_by` varchar(255) NOT NULL,
  `updated_on` datetime NOT NULL
) ENGINE=MyISAM DEFAULT CHARSET=latin1;

--
-- Dumping data untuk tabel `master_color`
--

INSERT INTO `master_color` (`id`, `name`, `deleted`, `created_by`, `created_on`, `updated_by`, `updated_on`) VALUES
(1, 'Hitam', 0, 'administrator', '2018-04-03 16:30:13', 'admin2', '2019-03-05 15:39:35'),
(2, 'Putih', 0, 'administrator', '2018-04-13 10:48:13', 'admin2', '2019-03-05 15:39:26'),
(3, 'Abu-abu', 0, 'administrator', '2018-04-13 11:32:37', 'admin2', '2019-03-05 15:39:16'),
(4, 'Biru', 0, 'administrator', '2018-04-13 11:32:44', 'admin2', '2019-03-05 15:39:06'),
(5, 'Merah', 0, 'administrator', '2018-04-18 15:37:57', 'admin2', '2019-03-05 15:38:58'),
(6, 'Cokelat', 0, 'administrator', '2018-05-09 10:56:40', 'admin2', '2019-03-05 15:38:49'),
(7, 'Kuning', 0, 'administrator', '2018-05-09 11:02:17', 'admin2', '2019-03-05 15:38:37'),
(8, 'Hitam Putih', 0, 'administrator', '2018-05-11 09:43:40', 'admin2', '2019-03-05 15:38:29'),
(9, 'Hijau', 0, 'administrator', '2018-05-18 15:13:17', 'admin2', '2019-03-05 15:38:18');

-- --------------------------------------------------------

--
-- Struktur dari tabel `users`
--

CREATE TABLE `users` (
  `id` int(11) UNSIGNED NOT NULL,
  `ip_address` varchar(45) NOT NULL,
  `username` varchar(100) DEFAULT NULL,
  `password` varchar(255) NOT NULL,
  `salt` varchar(255) DEFAULT NULL,
  `email` varchar(254) NOT NULL,
  `activation_code` varchar(40) DEFAULT NULL,
  `forgotten_password_code` varchar(40) DEFAULT NULL,
  `forgotten_password_time` int(11) UNSIGNED DEFAULT NULL,
  `remember_code` varchar(40) DEFAULT NULL,
  `created_on` int(11) UNSIGNED NOT NULL,
  `last_login` int(11) UNSIGNED DEFAULT NULL,
  `active` tinyint(1) UNSIGNED DEFAULT NULL,
  `first_name` varchar(50) DEFAULT NULL,
  `last_name` varchar(50) DEFAULT NULL,
  `phone` varchar(20) DEFAULT NULL
) ENGINE=InnoDB DEFAULT CHARSET=utf8;

--
-- Dumping data untuk tabel `users`
--

INSERT INTO `users` (`id`, `ip_address`, `username`, `password`, `salt`, `email`, `activation_code`, `forgotten_password_code`, `forgotten_password_time`, `remember_code`, `created_on`, `last_login`, `active`, `first_name`, `last_name`, `phone`) VALUES
(1, '127.0.0.1', 'administrator', '$2a$07$SeBknntpZror9uyftVopmu61qg0ms8Qv1yV6FG.kQOSM.9QhmTo36', '', 'admin@admin.com', '', NULL, NULL, 'gGSTNbCuCI/8jRvE.dfQZ.', 1268889823, 1551770683, 1, 'System', 'Administrator', '01234567'),
(3, '::1', 'admin2', '$2y$08$eC.oq30bUoWsvXmyP.dl6uvms9wEd35QZANgj3kJ1j8LMTBgjsAC.', NULL, 'admin2@admin.id', NULL, NULL, NULL, NULL, 1551770861, 1552637715, 1, 'Admin', '2', '12345678'),
(4, '::1', 'test', '$2y$08$tdEwMQ6fx96lVS1oDcMGhOGqZ5BwlSPt3dobv.aFrLaTTwv6YKE4K', NULL, 'test@test.is', NULL, NULL, NULL, NULL, 1551770929, NULL, 1, 'test', 'test', '12345678'),
(6, '::1', 'www', '$2y$08$OJWsWE3tLX8/oQa50uzQjecQ.ASBBw8KsRckKGkNby22SpdNeyN16', NULL, 'www@www.id', NULL, NULL, NULL, NULL, 1551775726, 1551775786, 1, 'wew', 'wow', '13213134');

-- --------------------------------------------------------

--
-- Struktur dari tabel `users_groups`
--

CREATE TABLE `users_groups` (
  `id` int(11) UNSIGNED NOT NULL,
  `user_id` int(11) UNSIGNED NOT NULL,
  `group_id` mediumint(8) UNSIGNED NOT NULL
) ENGINE=InnoDB DEFAULT CHARSET=utf8;

--
-- Dumping data untuk tabel `users_groups`
--

INSERT INTO `users_groups` (`id`, `user_id`, `group_id`) VALUES
(11, 1, 1),
(12, 1, 2),
(8, 3, 1),
(9, 4, 2),
(13, 6, 2);

-- --------------------------------------------------------

--
-- Struktur dari tabel `users_photo`
--

CREATE TABLE `users_photo` (
  `username` varchar(100) NOT NULL,
  `photo` text,
  `thumbnail` text,
  `updated_on` datetime NOT NULL
) ENGINE=MyISAM DEFAULT CHARSET=latin1;

--
-- Dumping data untuk tabel `users_photo`
--

INSERT INTO `users_photo` (`username`, `photo`, `thumbnail`, `updated_on`) VALUES
('administrator', 'ADMINISTRATOR.jpg', 'ADMINISTRATOR_thumb.jpg', '2017-12-08 14:02:41'),
('admin2', 'ADMINISTRATOR.jpg', 'ADMINISTRATOR_thumb.jpg', '2019-03-05 00:00:00');

--
-- Indexes for dumped tables
--

--
-- Indeks untuk tabel `groups`
--
ALTER TABLE `groups`
  ADD PRIMARY KEY (`id`);

--
-- Indeks untuk tabel `invenitri_session`
--
ALTER TABLE `invenitri_session`
  ADD KEY `ci_sessions_timestamp` (`timestamp`);

--
-- Indeks untuk tabel `inv_categories`
--
ALTER TABLE `inv_categories`
  ADD PRIMARY KEY (`id`);

--
-- Indeks untuk tabel `inv_datas`
--
ALTER TABLE `inv_datas`
  ADD PRIMARY KEY (`id`);

--
-- Indeks untuk tabel `inv_locations`
--
ALTER TABLE `inv_locations`
  ADD PRIMARY KEY (`id`);

--
-- Indeks untuk tabel `inv_log_data_location`
--
ALTER TABLE `inv_log_data_location`
  ADD PRIMARY KEY (`id`);

--
-- Indeks untuk tabel `inv_log_data_status`
--
ALTER TABLE `inv_log_data_status`
  ADD PRIMARY KEY (`id`);

--
-- Indeks untuk tabel `inv_out`
--
ALTER TABLE `inv_out`
  ADD PRIMARY KEY (`id`);

--
-- Indeks untuk tabel `inv_status`
--
ALTER TABLE `inv_status`
  ADD PRIMARY KEY (`id`);

--
-- Indeks untuk tabel `login_attempts`
--
ALTER TABLE `login_attempts`
  ADD PRIMARY KEY (`id`);

--
-- Indeks untuk tabel `master_color`
--
ALTER TABLE `master_color`
  ADD PRIMARY KEY (`id`);

--
-- Indeks untuk tabel `users`
--
ALTER TABLE `users`
  ADD PRIMARY KEY (`id`);

--
-- Indeks untuk tabel `users_groups`
--
ALTER TABLE `users_groups`
  ADD PRIMARY KEY (`id`),
  ADD UNIQUE KEY `uc_users_groups` (`user_id`,`group_id`),
  ADD KEY `fk_users_groups_users1_idx` (`user_id`),
  ADD KEY `fk_users_groups_groups1_idx` (`group_id`);

--
-- Indeks untuk tabel `users_photo`
--
ALTER TABLE `users_photo`
  ADD PRIMARY KEY (`username`);

--
-- AUTO_INCREMENT untuk tabel yang dibuang
--

--
-- AUTO_INCREMENT untuk tabel `groups`
--
ALTER TABLE `groups`
  MODIFY `id` mediumint(8) UNSIGNED NOT NULL AUTO_INCREMENT, AUTO_INCREMENT=3;

--
-- AUTO_INCREMENT untuk tabel `inv_categories`
--
ALTER TABLE `inv_categories`
  MODIFY `id` int(12) UNSIGNED NOT NULL AUTO_INCREMENT, AUTO_INCREMENT=4;

--
-- AUTO_INCREMENT untuk tabel `inv_datas`
--
ALTER TABLE `inv_datas`
  MODIFY `id` int(12) UNSIGNED NOT NULL AUTO_INCREMENT, AUTO_INCREMENT=14;

--
-- AUTO_INCREMENT untuk tabel `inv_locations`
--
ALTER TABLE `inv_locations`
  MODIFY `id` int(12) UNSIGNED NOT NULL AUTO_INCREMENT, AUTO_INCREMENT=46;

--
-- AUTO_INCREMENT untuk tabel `inv_log_data_location`
--
ALTER TABLE `inv_log_data_location`
  MODIFY `id` int(12) UNSIGNED NOT NULL AUTO_INCREMENT, AUTO_INCREMENT=27;

--
-- AUTO_INCREMENT untuk tabel `inv_log_data_status`
--
ALTER TABLE `inv_log_data_status`
  MODIFY `id` int(12) UNSIGNED NOT NULL AUTO_INCREMENT, AUTO_INCREMENT=23;

--
-- AUTO_INCREMENT untuk tabel `inv_out`
--
ALTER TABLE `inv_out`
  MODIFY `id` int(12) UNSIGNED NOT NULL AUTO_INCREMENT, AUTO_INCREMENT=14;

--
-- AUTO_INCREMENT untuk tabel `inv_status`
--
ALTER TABLE `inv_status`
  MODIFY `id` int(12) UNSIGNED NOT NULL AUTO_INCREMENT, AUTO_INCREMENT=5;

--
-- AUTO_INCREMENT untuk tabel `login_attempts`
--
ALTER TABLE `login_attempts`
  MODIFY `id` int(11) UNSIGNED NOT NULL AUTO_INCREMENT, AUTO_INCREMENT=3;

--
-- AUTO_INCREMENT untuk tabel `master_color`
--
ALTER TABLE `master_color`
  MODIFY `id` tinyint(2) UNSIGNED NOT NULL AUTO_INCREMENT, AUTO_INCREMENT=10;

--
-- AUTO_INCREMENT untuk tabel `users`
--
ALTER TABLE `users`
  MODIFY `id` int(11) UNSIGNED NOT NULL AUTO_INCREMENT, AUTO_INCREMENT=7;

--
-- AUTO_INCREMENT untuk tabel `users_groups`
--
ALTER TABLE `users_groups`
  MODIFY `id` int(11) UNSIGNED NOT NULL AUTO_INCREMENT, AUTO_INCREMENT=14;

--
-- Ketidakleluasaan untuk tabel pelimpahan (Dumped Tables)
--

--
-- Ketidakleluasaan untuk tabel `users_groups`
--
ALTER TABLE `users_groups`
  ADD CONSTRAINT `fk_users_groups_groups1` FOREIGN KEY (`group_id`) REFERENCES `groups` (`id`) ON DELETE CASCADE ON UPDATE NO ACTION,
  ADD CONSTRAINT `fk_users_groups_users1` FOREIGN KEY (`user_id`) REFERENCES `users` (`id`) ON DELETE CASCADE ON UPDATE NO ACTION;
COMMIT;

/*!40101 SET CHARACTER_SET_CLIENT=@OLD_CHARACTER_SET_CLIENT */;
/*!40101 SET CHARACTER_SET_RESULTS=@OLD_CHARACTER_SET_RESULTS */;
/*!40101 SET COLLATION_CONNECTION=@OLD_COLLATION_CONNECTION */;
